Link Name,Center of Mass X,Center of Mass Y,Center of Mass Z,Center of Mass Roll,Center of Mass Pitch,Center of Mass Yaw,Mass,Moment Ixx,Moment Ixy,Moment Ixz,Moment Iyy,Moment Iyz,Moment Izz,Visual X,Visual Y,Visual Z,Visual Roll,Visual Pitch,Visual Yaw,Mesh Filename,Color Red,Color Green,Color Blue,Color Alpha,Collision X,Collision Y,Collision Z,Collision Roll,Collision Pitch,Collision Yaw,Collision Mesh Filename,Material Name,SW Components,Coordinate System,Axis Name,Joint Name,Joint Type,Joint Origin X,Joint Origin Y,Joint Origin Z,Joint Origin Roll,Joint Origin Pitch,Joint Origin Yaw,Parent,Joint Axis X,Joint Axis Y,Joint Axis Z,Limit Effort,Limit Velocity,Limit Lower,Limit Upper,Calibration rising,Calibration falling,Dynamics Damping,Dynamics Friction,Safety Soft Upper,Safety Soft Lower,Safety K Position,Safety K Velocity
Pelvis,-0.0110614071366465,-0.000458695218988075,0.0564860769371819,0,0,0,45.5825716148197,5.66324494566736,-0.000517403163997613,-0.0441475962632704,4.74480304717048,0.0108815556688863,1.09080756779566,0,0,0,0,0,0,package://Wholebody_21_DoF_URDF/meshes/Pelvis.STL,0.792156862745098,0.819607843137255,0.933333333333333,1,0,0,0,0,0,0,package://Wholebody_21_DoF_URDF/meshes/Pelvis.STL,,Pelvis_1023-1,Base Origin,,,,0,0,0,0,0,0,,0,0,0,,,,,,,,,,,,
Torso,-0.00017085307308395,1.85049674422344E-08,0.433287221596157,0,0,0,0.0274149092320589,8.48482255144332E-06,5.7942840365605E-12,-4.89501306144445E-07,6.92285432094423E-06,-4.59599339274556E-12,7.66159968239158E-06,0,0,0,0,0,0,package://Wholebody_21_DoF_URDF/meshes/Torso.STL,0.792156862745098,0.819607843137255,0.933333333333333,1,0,0,0,0,0,0,package://Wholebody_21_DoF_URDF/meshes/Torso.STL,,Torso_v4_1023-1;yaw base-1,torso yaw origin,torso yaw axis,Waist_joint,revolute,0,0,0.0825,0,0,0,Pelvis,0,0,1,120,16,-1.57,1.57,,,,,,,,
L_shoulder_pitch,-0.0110614071366482,-0.284254925660682,-0.31183415049577,0,0,0,45.5825716148197,5.66324494566736,-0.015585567136639,-0.0413082081297653,4.3103722444035,1.182707265249,1.52523837056265,0,0,0,0,0,0,package://Wholebody_21_DoF_URDF/meshes/L_shoulder_pitch.STL,0.792156862745098,0.819607843137255,0.933333333333333,1,0,0,0,0,0,0,package://Wholebody_21_DoF_URDF/meshes/L_shoulder_pitch.STL,,2. HSR-L-2,L_shoulder pitch origin,L_shoulder pitch axis,L_shoulder_pitch_joint,revolute,0,0.160000000000004,0.364235237482591,0.349065850398857,0,0,Torso,0,1,0,60,18,-3.14,1.04,,,,,,,,
L_shoulder_roll,-0.0110614071366543,-0.366254925660682,-0.31183415049577,0,0,0,45.5825716148197,5.66324494566736,-0.0155855671366172,-0.0413082081297148,4.3103722444035,1.182707265249,1.52523837056265,0,0,0,0,0,0,package://Wholebody_21_DoF_URDF/meshes/L_shoulder_roll.STL,0.792156862745098,0.819607843137255,0.933333333333333,1,0,0,0,0,0,0,package://Wholebody_21_DoF_URDF/meshes/L_shoulder_roll.STL,,3. HUA-L-2,L_shoulder roll origin,L_shoulder roll axis,L_shoulder_roll_joint,revolute,0,0.0820000000000005,0,0,0,0,L_shoulder_pitch,1,0,0,60,18,-0.34,2.79,,,,,,,,
L_shoulder_yaw,-0.0110614071366484,-0.366254925660682,-0.0613341504957699,0,0,0,45.5825716148197,5.66324494566736,-0.0155855671366384,-0.0413082081297634,4.3103722444035,1.182707265249,1.52523837056265,0,0,0,0,0,0,package://Wholebody_21_DoF_URDF/meshes/L_shoulder_yaw.STL,0.792156862745098,0.819607843137255,0.933333333333333,1,0,0,0,0,0,0,package://Wholebody_21_DoF_URDF/meshes/L_shoulder_yaw.STL,,4. HEP-L-2,L_shoulder yaw origin,L_shoulder yaw axis,L_shoulder_yaw_joint,revolute,0,0,-0.2505,0,0,0,L_shoulder_roll,0,0,-1,36,11.5,-1.57,1.57,,,,,,,,
L_elbow_pitch,-0.0110614071366511,-0.366254925660682,-0.00683415049576976,0,0,0,45.5825716148197,5.66324494566736,-0.0155855671366172,-0.0413082081297148,4.3103722444035,1.182707265249,1.52523837056265,0,0,0,0,0,0,package://Wholebody_21_DoF_URDF/meshes/L_elbow_pitch.STL,0.792156862745098,0.819607843137255,0.933333333333333,1,0,0,0,0,0,0,package://Wholebody_21_DoF_URDF/meshes/L_elbow_pitch.STL,,5. HLA-L-2,L_elbow pitch origin,L_elbow pitch axis,L_elbow_pitch_joint,revolute,0,0,-0.0545,0,0,0,L_shoulder_yaw,0,-1,0,36,11.5,-1.92,0,,,,,,,,
L_EE,-1.17291478443931E-17,-7.44570793909105E-10,-0.00354018630257902,0,0,0,0.158979767684966,6.8767958526382E-05,2.40605412527911E-20,3.03110867927129E-17,6.87681992776507E-05,-1.47148625614024E-12,7.92154005619246E-05,0,0,0,0,0,0,package://Wholebody_21_DoF_URDF/meshes/L_EE.STL,1,1,1,1,0,0,0,0,0,0,package://Wholebody_21_DoF_URDF/meshes/L_EE.STL,,6. EE-L-1,L_EE origin,L_EE axis,L_EE_joint,fixed,0,0,-0.295,0,0,0,L_elbow_pitch,0,0,0,,,,,,,,,,,,
R_shoulder_pitch,-0.0110614071366481,0.283392860635735,-0.312147916504853,0,0,0,45.5825716148197,5.66324494566736,0.0146131672662801,-0.041662132738381,4.3243613027196,-1.16603575474377,1.51124931224655,0,0,0,0,0,0,package://Wholebody_21_DoF_URDF/meshes/R_shoulder_pitch.STL,0.792156862745098,0.819607843137255,0.933333333333333,1,0,0,0,0,0,0,package://Wholebody_21_DoF_URDF/meshes/R_shoulder_pitch.STL,,2. HSR-R-2,R_shoulder pitch origin,R_shoulder pitch axis,R_shoulder_pitch_joint,revolute,0,-0.159999999999996,0.364235237482595,-0.349065850398876,0,0,Torso,0,-1,0,60,18,-3.14,1.04,,,,,,,,
R_shoulder_roll,-0.011061407136654,0.365392860635736,-0.312147916504852,0,0,0,45.5825716148197,5.66324494566736,0.0146131672662597,-0.0416621327383309,4.3243613027196,-1.16603575474377,1.51124931224655,0,0,0,0,0,0,package://Wholebody_21_DoF_URDF/meshes/R_shoulder_roll.STL,0.792156862745098,0.819607843137255,0.933333333333333,1,0,0,0,0,0,0,package://Wholebody_21_DoF_URDF/meshes/R_shoulder_roll.STL,,3. HUA-R-2,R_shoulder roll origin,R_shoulder roll axis,R_shoulder_roll_joint,revolute,0,-0.0820000000000002,0,0,0,0,R_shoulder_pitch,1,0,0,60,18,-2.79,0.34,,,,,,,,
R_shoulder_yaw,-0.0110614071366486,0.365392860635736,-0.0616479165048523,0,0,0,45.5825716148197,5.66324494566736,0.0146131672662791,-0.0416621327383773,4.3243613027196,-1.16603575474377,1.51124931224655,0,0,0,0,0,0,package://Wholebody_21_DoF_URDF/meshes/R_shoulder_yaw.STL,0.792156862745098,0.819607843137255,0.933333333333333,1,0,0,0,0,0,0,package://Wholebody_21_DoF_URDF/meshes/R_shoulder_yaw.STL,,4. HEP-R-2,R_shoulder yaw origin,R_shoulder yaw axis,R_shoulder_yaw_joint,revolute,0,0,-0.2505,0,0,0,R_shoulder_roll,0,0,-1,36,11.5,-1.57,1.57,,,,,,,,
R_elbow_pitch,-0.0110614071366486,0.365392860635736,-0.00714791650485233,0,0,0,45.5825716148197,5.66324494566736,0.0146131672662792,-0.0416621327383777,4.3243613027196,-1.16603575474377,1.51124931224655,0,0,0,0,0,0,package://Wholebody_21_DoF_URDF/meshes/R_elbow_pitch.STL,0.792156862745098,0.819607843137255,0.933333333333333,1,0,0,0,0,0,0,package://Wholebody_21_DoF_URDF/meshes/R_elbow_pitch.STL,,5. HLA-R-2,R_elbow pitch origin,R_elbow pitch axis,R_elbow_pitch_joint,revolute,0,0,-0.0545,0,0,0,R_shoulder_yaw,0,1,0,36,11.5,-1.92,0,,,,,,,,
R_EE,1.40449332020803E-18,7.44570738397954E-10,-0.00354018630257907,0,0,0,0.158979767684966,6.87679585263821E-05,4.43802175906242E-21,-3.0335342588271E-17,6.87681992776508E-05,1.4714862578343E-12,7.92154005619247E-05,0,0,0,0,0,0,package://Wholebody_21_DoF_URDF/meshes/R_EE.STL,1,1,1,1,0,0,0,0,0,0,package://Wholebody_21_DoF_URDF/meshes/R_EE.STL,,6. EE-R-1,R_EE origin,R_EE axis,R_EE_joint,fixed,0,0,-0.295,0,0,0,R_elbow_pitch,0,0,0,,,,,,,,,,,,
Neck_Yaw,-0.010648,7.8203E-06,0.017542,0,0,0,0.061462,1.0663E-05,-4.4081E-09,-2.5837E-07,1.6539E-05,5.233E-09,1.7541E-05,0,0,0,0,0,0,package://Wholebody_21_DoF_URDF/meshes/Neck_Yaw.STL,0.79216,0.81961,0.93333,1,0,0,0,0,0,0,package://Wholebody_21_DoF_URDF/meshes/Neck_Yaw.STL,,neck yaw-1,Neck Yaw Origin,Neck Yaw Axis,Neck_Yaw_Joint,revolute,-0.006,0,0.454,0,0,0,Torso,0,0,1,10,10,-1.39626,1.39626,,,,,,,,
Neck_Pitch,0.0321853360572075,-0.0677576787283612,0.000810193358578671,0,0,0,0.400888924681257,0.00107612836097127,0.000136181559574471,3.40846195693275E-06,0.00096055689424623,-1.08799567629463E-06,0.00168439968882579,0,0,0,0,0,0,package://Wholebody_21_DoF_URDF/meshes/Neck_Pitch.STL,0.792156862745098,0.819607843137255,0.933333333333333,1,0,0,0,0,0,0,package://Wholebody_21_DoF_URDF/meshes/Neck_Pitch.STL,,neck pitch-1,Neck Pitch Origin,Neck Pitch Axis,Neck_Pitch_Joint,revolute,0,0,0.064,-1.5708,0,0,Neck_Yaw,0,0,1,10,10,-0.872665,0.872665,,,,,,,,
L_hip,-0.011061407136646,-0.117958695218988,0.0631860769371831,0,0,0,45.5825716148197,5.66324494566736,-0.000517403163997613,-0.0441475962632704,4.74480304717048,0.0108815556688863,1.09080756779566,0,0,0,0,0,0,package://Wholebody_21_DoF_URDF/meshes/L_hip.STL,0.792156862745098,0.819607843137255,0.933333333333333,1,0,0,0,0,0,0,package://Wholebody_21_DoF_URDF/meshes/L_hip.STL,,Hip_Yaw-1,L_hip yaw origin,L_hip yaw axis,L_hip_joint,revolute,0,0.1175,-0.0067,0,0,0,Pelvis,0,0,1,120,23,-4.18,1.04,,,,,,,,
L_hip2,0.0652385928633549,-0.117958695218987,0.147186076937182,0,0,0,45.5825716148197,5.66324494566736,-0.000517403163997613,-0.0441475962632704,4.74480304717048,0.0108815556688863,1.09080756779566,0,0,0,0,0,0,package://Wholebody_21_DoF_URDF/meshes/L_hip2.STL,0.792156862745098,0.819607843137255,0.933333333333333,1,0,0,0,0,0,0,package://Wholebody_21_DoF_URDF/meshes/L_hip2.STL,,Hip_Roll_v2_L-1,L_hip roll origin,L_hip roll axis,L_hip2_joint,revolute,-0.0763000000000009,0,-0.0839999999999993,0,0,0,L_hip,-1,0,0,120,23,-0.26,0.69,,,,,,,,
L_thigh,6.27989974966679E-06,0.0193244133762999,-0.0958070825842064,0,0,0,0.887639286492298,0.00732379764996292,-2.33053755792765E-08,3.90242735102995E-08,0.00804902833311444,-3.44225182154701E-07,0.000811792187730034,0,0,0,0,0,0,package://Wholebody_21_DoF_URDF/meshes/L_thigh.STL,0.792156862745098,0.819607843137255,0.933333333333333,1,0,0,0,0,0,0,package://Wholebody_21_DoF_URDF/meshes/L_thigh.STL,,Thigh_mesh-1,L_hip pitch origin,L_hip pitch axis,L_thigh_joint,revolute,0.0839999999999998,-0.0147999999999996,-0.0185000000000007,0,0,0,L_hip2,0,1,0,120,23,-2.09,0.34,,,,,,,,
L_calf,-0.0187614071366417,-0.103158695218984,0.515686076937183,0,0,0,45.5825716148197,5.66324494566736,-0.000517403163997613,-0.0441475962632704,4.74480304717048,0.0108815556688863,1.09080756779566,0,0,0,0,0,0,package://Wholebody_21_DoF_URDF/meshes/L_calf.STL,0.792156862745098,0.819607843137255,0.933333333333333,1,0,0,0,0,0,0,package://Wholebody_21_DoF_URDF/meshes/L_calf.STL,,Calf_L-1,L_knee pitch origin,L_knee pitch axis,L_calf_joint,revolute,0,0,-0.35,0,0,0,L_thigh,0,-1,0,180,15,-2.09,2.18,,,,,,,,
L_toe,-0.018761407136642,-0.103158695218945,0.865686076937184,0,0,0,45.5825716148197,5.66324494566736,-0.000517403163997613,-0.0441475962632704,4.74480304717048,0.0108815556688863,1.09080756779566,0,0,0,0,0,0,package://Wholebody_21_DoF_URDF/meshes/L_toe.STL,0.792156862745098,0.819607843137255,0.933333333333333,1,0,0,0,0,0,0,package://Wholebody_21_DoF_URDF/meshes/L_toe.STL,,foot_L-1,L_ankle pitch origin,L_ankle pitch axis,L_toe_joint,revolute,0,0,-0.35,0,0,0,L_calf,0,-1,0,36,11.5,-0.78,0.95,,,,,,,,
R_hip,0,0,0,0,0,0,0,0,0,0,0,0,0,0,0,0,0,0,0,package://Wholebody_21_DoF_URDF/meshes/R_hip.STL,1,1,1,1,0,0,0,0,0,0,package://Wholebody_21_DoF_URDF/meshes/R_hip.STL,,Hip_Yaw-2,R_hip yaw origin,R_hip yaw axis,R_hip_joint,revolute,0,-0.1175,-0.00669999999999877,0,0,0,Pelvis,0,0,1,120,23,-1.04,4.18,,,,,,,,
R_hip2,0.0652385928633544,0.117041304781013,0.14718607693718,0,0,0,45.5825716148197,5.66324494566736,-0.000517403163997613,-0.0441475962632704,4.74480304717048,0.0108815556688863,1.09080756779566,0,0,0,0,0,0,package://Wholebody_21_DoF_URDF/meshes/R_hip2.STL,0.792156862745098,0.819607843137255,0.933333333333333,1,0,0,0,0,0,0,package://Wholebody_21_DoF_URDF/meshes/R_hip2.STL,,Hip_Roll_v2_R-1,R_hip roll origin,R_hip roll axis,R_hip2_joint,revolute,-0.0763000000000009,0,-0.083999999999999,0,0,0,R_hip,-1,0,0,120,23,-0.69,0.26,,,,,,,,
R_thigh,-6.27989974634133E-06,-0.0193244133762787,-0.0958070825842834,0,0,0,0.887639286491635,0.00732379764996298,-2.33053755696343E-08,-3.90242733567247E-08,0.00804902833311439,3.44225182303172E-07,0.00081179218772998,0,0,0,0,0,0,package://Wholebody_21_DoF_URDF/meshes/R_thigh.STL,0.792156862745098,0.819607843137255,0.933333333333333,1,0,0,0,0,0,0,package://Wholebody_21_DoF_URDF/meshes/R_thigh.STL,,Thigh_mesh-2,R_hip pitch origin,R_hip pitch axis,R_thigh_joint,revolute,0.0839999999999986,0.0147999999999997,-0.018500000000001,0,0,0,R_hip2,0,-1,0,120,23,-2.09,0.34,,,,,,,,
R_calf,-0.018761407136641,0.102241304781031,0.515686076937181,0,0,0,45.5825716148197,5.66324494566736,-0.000517403163997613,-0.0441475962632704,4.74480304717048,0.0108815556688863,1.09080756779566,0,0,0,0,0,0,package://Wholebody_21_DoF_URDF/meshes/R_calf.STL,0.792156862745098,0.819607843137255,0.933333333333333,1,0,0,0,0,0,0,package://Wholebody_21_DoF_URDF/meshes/R_calf.STL,,Calf_R-1,R_knee pitch origin,R_knee pitch axis,R_calf_joint,revolute,0,0,-0.350000000000001,0,0,0,R_thigh,0,1,0,180,15,-2.09,2.18,,,,,,,,
R_toe,-0.0187614071366421,0.102241304781,0.865686076937182,0,0,0,45.5825716148197,5.66324494566736,-0.000517403163997613,-0.0441475962632704,4.74480304717048,0.0108815556688863,1.09080756779566,0,0,0,0,0,0,package://Wholebody_21_DoF_URDF/meshes/R_toe.STL,0.792156862745098,0.819607843137255,0.933333333333333,1,0,0,0,0,0,0,package://Wholebody_21_DoF_URDF/meshes/R_toe.STL,,foot_R-1,R_ankle pitch origin,R_ankle pitch axis,R_toe_joint,revolute,0,0,-0.350000000000001,0,0,0,R_calf,0,1,0,36,11.5,-0.78,0.95,,,,,,,,
